,Время,Расход агломерата,Расход окатыша,Расход руды,Расход кокса,Расход дутья,Раход природного газа,Выход
0,2023-05-09 08:50:02.065720,773.78,591.392,219.28,401.383,118.989,1177.698,1469.351
1,2023-05-09 08:50:02.065720,775.71,570.06,209.879,412.517,108.898,1241.911,1470.183
2,2023-05-09 08:50:02.065720,771.553,580.452,214.844,400.17,110.918,1155.265,1470.041
3,2023-05-09 08:50:02.065720,780.524,566.531,220.547,402.557,117.729,1231.969,1470.206
4,2023-05-09 08:50:02.065720,779.317,557.6,223.02,399.279,112.642,1207.96,1472.699
5,2023-05-09 08:50:02.065720,815.617,584.022,207.139,383.531,112.827,1135.466,1473.971
6,2023-05-09 08:50:02.065720,767.604,590.782,221.903,395.748,114.369,1185.741,1464.479
7,2023-05-09 08:50:02.065720,777.711,557.794,218.803,412.432,110.378,1144.267,1470.043
8,2023-05-09 08:50:02.065720,781.912,572.121,213.761,410.863,114.8,1229.747,1471.207
9,2023-05-09 08:50:02.065720,805.933,586.37,217.679,403.907,118.061,1132.579,1472.423
10,2023-05-09 08:50:02.065720,811.858,556.919,213.753,410.573,109.089,1159.609,1469.821
11,2023-05-09 08:50:02.065720,798.197,581.863,222.951,396.248,114.832,1142.7,1470.345
12,2023-05-09 08:50:02.065720,748.693,569.345,219.159,397.077,111.904,1144.944,1470.536
13,2023-05-09 08:50:02.065720,811.622,599.895,214.93,390.334,108.669,1141.865,1469.928
14,2023-05-09 08:50:02.065720,793.537,590.874,227.411,407.165,112.444,1229.314,1471.463
15,2023-05-09 08:50:02.065720,756.7,546.851,221.605,417.117,112.751,1139.508,1472.957
16,2023-05-09 08:50:02.065720,750.459,544.034,219.73,396.056,112.889,1237.149,1475.552
17,2023-05-09 08:50:02.065720,808.53,544.267,214.919,381.143,118.98,1206.57,1470.406
18,2023-05-09 08:50:02.065720,801.574,582.617,210.371,412.431,118.283,1203.397,1470.453
19,2023-05-09 08:50:02.065720,771.269,595.839,215.279,401.875,113.18,1163.466,1518.148
20,2023-05-09 08:50:02.065720,824.68,580.159,226.532,383.571,110.216,1179.878,1469.124
21,2023-05-09 08:50:02.065720,812.066,569.037,218.339,390.682,114.808,1138.385,1470.555
22,2023-05-09 08:50:02.065720,776.248,560.564,220.768,379.355,117.809,1149.502,1469.877
23,2023-05-09 08:50:02.065720,747.487,544.121,208.832,387.089,115.326,1165.356,1469.944
24,2023-05-09 08:50:02.065720,796.149,558.884,219.298,417.943,109.162,1171.048,1469.671
25,2023-05-09 08:50:02.065720,749.467,562.672,215.712,409.056,108.868,1207.353,1470.451
26,2023-05-09 08:50:02.065720,749.598,578.546,215.615,401.215,116.569,1148.149,1470.004
27,2023-05-09 08:50:02.065720,764.842,555.916,220.512,384.137,114.841,1157.875,1470.233
28,2023-05-09 08:50:02.065720,817.206,557.122,226.494,386.933,118.277,1201.03,1470.523
29,2023-05-09 08:50:02.065720,775.818,570.938,221.343,386.124,110.585,1153.929,1469.963
30,2023-05-09 08:50:02.065720,768.527,584.753,225.559,403.466,112.217,1134.582,1470.71
31,2023-05-09 08:50:02.065720,821.941,557.362,226.698,412.123,114.751,1152.648,1470.312
32,2023-05-09 08:50:02.065720,820.011,564.321,207.481,387.561,111.659,1189.806,1472.628
33,2023-05-09 08:50:02.065720,805.583,591.083,220.427,408.363,108.072,1141.204,1469.908
34,2023-05-09 08:50:02.065720,755.604,599.344,216.414,394.342,117.833,1220.438,1470.457
35,2023-05-09 08:50:02.065720,764.817,556.303,224.134,381.432,115.649,1176.833,1469.51
36,2023-05-09 08:50:02.065720,819.643,592.435,210.619,379.524,110.641,1167.776,1469.788
37,2023-05-09 08:50:02.065720,785.5,595.145,224.631,382.673,111.33,1155.164,1467.936
38,2023-05-09 08:50:02.065720,813.849,588.32,222.669,399.992,117.142,1179.572,1469.2
39,2023-05-09 08:50:02.065720,813.358,564.673,213.788,380.043,113.723,1129.389,1476.543
40,2023-05-09 08:50:02.065720,775.813,559.426,226.668,397.673,109.173,1211.757,1470.806
41,2023-05-09 08:50:02.065720,759.228,561.623,216.39,389.661,118.291,1212.107,1470.497
42,2023-05-09 08:50:02.065720,794.898,597.6,211.135,399.102,108.05,1142.54,1470.186
43,2023-05-09 08:50:02.065720,781.382,551.358,209.148,391.681,108.08,1160.713,1469.742
44,2023-05-09 08:50:02.065720,821.086,571.867,227.412,401.18,117.992,1159.84,1470.014
45,2023-05-09 08:50:02.065720,805.999,561.164,208.674,410.662,108.123,1212.552,1470.304
46,2023-05-09 08:50:02.065720,809.738,575.937,223.192,382.203,113.173,1162.606,1513.711
47,2023-05-09 08:50:02.065720,788.709,552.079,214.199,405.209,118.533,1136.894,1469.772
48,2023-05-09 08:50:02.065720,766.611,587.138,210.809,412.099,114.725,1172.847,1470.042
49,2023-05-09 08:50:02.065720,800.395,584.861,215.015,395.87,113.253,1187.003,1711.755
50,2023-05-09 08:50:02.065720,823.106,585.97,216.478,380.752,115.646,1162.854,1470.128
51,2023-05-09 08:50:02.065720,750.612,551.156,217.675,396.868,108.008,1242.398,1472.82
52,2023-05-09 08:50:02.065720,816.427,580.471,211.396,400.515,114.508,1222.848,1470.973
53,2023-05-09 08:50:02.065720,786.505,578.078,223.742,405.009,114.097,1163.402,1453.548
54,2023-05-09 08:50:02.065720,780.225,593.417,211.548,416.117,110.861,1142.352,1469.995
55,2023-05-09 08:50:02.065720,763.214,590.305,227.546,408.647,117.443,1194.89,1470.903
56,2023-05-09 08:50:02.065720,818.837,598.44,216.197,399.554,113.734,1236.082,1476.679
57,2023-05-09 08:50:02.065720,765.526,548.569,219.583,388.227,113.814,1195.706,1475.183
58,2023-05-09 08:50:02.065720,796.588,585.561,226.108,381.786,108.921,1243.33,1470.168
59,2023-05-09 08:50:02.065720,762.271,546.567,216.031,416.075,111.493,1142.911,1470.25
60,2023-05-09 08:50:02.065720,765.212,549.314,227.136,417.13,117.793,1220.058,1470.257
61,2023-05-09 08:50:02.065720,793.028,596.488,210.493,382.221,115.526,1147.118,1470.026
62,2023-05-09 08:50:02.065720,810.296,566.615,213.18,394.763,111.223,1193.922,1471.212
63,2023-05-09 08:50:02.065720,806.911,588.938,214.865,415.916,108.829,1147.069,1469.907
64,2023-05-09 08:50:02.065720,822.77,595.434,212.068,392.371,116.492,1230.146,1470.271
65,2023-05-09 08:50:02.065720,752.759,569.374,213.037,412.485,115.966,1142.767,1470.01
66,2023-05-09 08:50:02.065720,759.925,557.069,210.982,412.075,111.993,1145.969,1470.415
67,2023-05-09 08:50:02.065720,816.118,598.935,219.827,401.349,109.09,1204.257,1470.499
68,2023-05-09 08:50:02.065720,804.816,588.362,226.121,409.812,111.277,1228.898,1470.408
69,2023-05-09 08:50:02.065720,764.632,554.537,226.645,404.102,110.022,1158.101,1469.863
70,2023-05-09 08:50:02.065720,819.954,587.51,218.455,404.349,112.003,1234.445,1470.905
71,2023-05-09 08:50:02.065720,772.857,546.327,226.745,409.223,111.087,1234.102,1470.347
72,2023-05-09 08:50:02.065720,810.91,581.486,218.34,409.612,117.346,1146.584,1470.112
73,2023-05-09 08:50:02.065720,779.215,569.49,224.982,408.517,118.301,1198.368,1470.623
74,2023-05-09 08:50:02.065720,764.74,587.969,209.89,409.167,114.177,1165.733,1471.11
75,2023-05-09 08:50:02.065720,784.62,583.234,209.036,397.683,112.139,1132.799,1470.714
76,2023-05-09 08:50:02.065720,784.81,581.956,211.526,383.206,113.416,1154.508,1619.947
77,2023-05-09 08:50:02.065720,803.831,560.74,215.741,413.826,112.629,1224.544,1472.352
78,2023-05-09 08:50:02.065720,808.972,574.974,217.922,379.809,117.778,1239.355,1470.899
79,2023-05-09 08:50:02.065720,788.278,567.292,227.083,396.431,108.508,1195.101,1470.699
80,2023-05-09 08:50:02.065720,770.114,596.508,214.135,415.276,114.491,1202.052,1471.223
81,2023-05-09 08:50:02.065720,760.479,556.541,211.23,382.219,115.028,1139.088,1470.218
82,2023-05-09 08:50:02.065720,773.357,561.902,217.697,380.25,117.172,1160.203,1472.012
83,2023-05-09 08:50:02.065720,816.14,575.424,215.492,411.525,116.844,1176.008,1469.511
84,2023-05-09 08:50:02.065720,813.519,567.482,220.265,408.913,111.57,1182.822,1468.642
85,2023-05-09 08:50:02.065720,750.375,592.022,209.95,379.169,112.116,1222.673,1470.893
86,2023-05-09 08:50:02.065720,823.19,558.403,207.709,390.076,117.92,1226.06,1470.227
87,2023-05-09 08:50:02.065720,772.018,559.106,213.311,402.294,110.746,1226.268,1470.345
88,2023-05-09 08:50:02.065720,781.752,572.268,215.341,401.977,116.421,1198.543,1472.627
89,2023-05-09 08:50:02.065720,804.109,544.759,226.46,399.165,116.428,1228.235,1470.536
90,2023-05-09 08:50:02.065720,776.827,558.149,225.735,396.062,112.165,1184.661,1467.587
91,2023-05-09 08:50:02.065720,806.145,563.61,209.144,403.073,111.391,1206.59,1470.627
92,2023-05-09 08:50:02.065720,802.171,560.718,227.363,405.106,116.339,1133.761,1469.988
93,2023-05-09 08:50:02.065720,757.559,574.992,217.598,398.774,109.441,1141.263,1475.877
94,2023-05-09 08:50:02.065720,775.189,562.83,222.416,397.805,108.147,1129.434,1470.708
95,2023-05-09 08:50:02.065720,749.276,548.692,222.739,408.72,112.249,1197.17,1471.547
96,2023-05-09 08:50:02.065720,771.057,569.578,225.405,389.65,109.85,1133.074,1469.968
97,2023-05-09 08:50:02.065720,801.856,557.51,212.817,405.424,113.36,1160.797,7469.747
98,2023-05-09 08:50:02.065720,775.877,574.982,219.253,400.895,118.224,1138.679,1469.987
99,2023-05-09 08:50:02.065720,771.21,560.363,222.671,397.152,112.114,1156.6,1470.616
100,2023-05-09 08:50:02.065720,813.983,563.73,219.521,408.061,110.07,1213.461,1470.396
101,2023-05-09 08:50:02.065720,763.504,554.197,209.205,395.767,111.394,1203.509,1470.712
102,2023-05-09 08:50:02.065720,800.485,586.626,222.683,399.867,114.525,1204.081,1471.193
103,2023-05-09 08:50:02.065720,754.428,564.256,214.65,393.958,114.631,1175.066,1470.061
104,2023-05-09 08:50:02.065720,822.753,599.456,218.885,409.14,112.923,1214.865,1476.615
105,2023-05-09 08:50:02.065720,760.487,553.667,224.584,399.857,118.842,1242.243,1470.238
106,2023-05-09 08:50:02.065720,768.192,585.673,215.679,412.734,112.87,1144.976,1474.81
107,2023-05-09 08:50:02.065720,780.64,571.423,213.683,392.594,115.518,1194.563,1471.142
108,2023-05-09 08:50:02.065720,816.489,546.441,213.416,411.309,109.665,1245.957,1470.204
109,2023-05-09 08:50:02.065720,769.468,567.059,208.399,406.061,113.008,1164.275,1479.791
110,2023-05-09 08:50:02.065720,780.391,574.403,208.999,389.39,111.591,1187.287,1483.958
111,2023-05-09 08:50:02.065720,786.964,559.335,212.918,397.076,112.584,1240.471,1470.371
112,2023-05-09 08:50:02.065720,780.318,577.096,211.559,392.136,116.352,1226.314,1470.271
113,2023-05-09 08:50:02.065720,808.07,587.594,218.374,382.85,109.786,1158.164,1470.045
114,2023-05-09 08:50:02.065720,815.413,580.638,209.265,411.069,113.823,1129.995,1474.106
115,2023-05-09 08:50:02.065720,802.732,598.273,218.709,380.271,117.139,1173.701,1469.659
116,2023-05-09 08:50:02.065720,800.947,578.812,217.577,385.545,112.492,1207.76,1478.012
117,2023-05-09 08:50:02.065720,795.6,569.606,222.938,391.742,111.329,1195.045,1471.09
118,2023-05-09 08:50:02.065720,777.065,598.401,227.51,388.478,118.798,1135.657,1469.894
119,2023-05-09 08:50:02.065720,767.933,549.127,213.708,415.174,110.285,1151.155,1469.932
120,2023-05-09 08:50:02.065720,773.469,580.286,208.909,379.678,110.485,1142.206,1469.973
121,2023-05-09 08:50:02.065720,764.452,562.407,220.372,416.922,115.423,1227.713,1470.422
122,2023-05-09 08:50:02.065720,769.828,587.565,222.519,381.68,116.893,1164.414,1469.781
123,2023-05-09 08:50:02.065720,760.916,554.36,207.076,411.579,115.21,1133.913,1470.163
124,2023-05-09 08:50:02.065720,767.376,596.929,213.051,393.84,108.316,1241.381,1470.182
125,2023-05-09 08:50:02.065720,779.403,576.79,211.555,397.626,110.851,1135.58,1470.437
126,2023-05-09 08:50:02.065720,810.957,562.19,211.361,399.475,109.517,1211.341,1470.493
127,2023-05-09 08:50:02.065720,756.437,557.846,215.761,402.159,114.908,1153.236,1470.292
128,2023-05-09 08:50:02.065720,822.79,566.219,219.316,414.08,115.381,1135.279,1470.166
129,2023-05-09 08:50:02.065720,809.325,561.859,222.96,380.474,112.389,1236.319,1471.309
130,2023-05-09 08:50:02.065720,761.063,572.958,209.747,391.303,117.56,1189.096,1473.267
131,2023-05-09 08:50:02.065720,759.235,587.693,213.573,384.468,113.159,1228.433,1506.992
132,2023-05-09 08:50:02.065720,792.344,572.389,218.551,382.96,114.403,1233.453,1483.461
133,2023-05-09 08:50:02.065720,814.942,567.316,214.886,394.598,109.043,1146.857,1469.93
134,2023-05-09 08:50:02.065720,804.676,590.681,222.648,395.99,113.968,1211.374,1472.837
135,2023-05-09 08:50:02.065720,777.132,555.165,213.433,387.607,111.62,1141.683,1470.204
136,2023-05-09 08:50:02.065720,776.513,570.547,222.163,391.589,116.748,1163.941,1469.811
137,2023-05-09 08:50:02.065720,770.448,570.692,226.921,388.18,109.985,1150.298,1469.927
138,2023-05-09 08:50:02.065720,823.118,554.967,227.486,408.775,110.336,1190.078,1472.187
139,2023-05-09 08:50:02.065720,779.632,581.676,214.887,412.86,113.228,1156.919,1580.401
140,2023-05-09 08:50:02.065720,762.179,558.504,220.142,389.039,108.986,1199.932,1470.599
141,2023-05-09 08:50:02.065720,769.034,583.162,222.777,403.715,115.12,1141.982,1470.179
142,2023-05-09 08:50:02.065720,791.65,571.322,222.404,383.338,118.294,1136.128,1469.936
143,2023-05-09 08:50:02.065720,811.405,563.787,226.745,389.313,117.16,1189.733,1472.385
144,2023-05-09 08:50:02.065720,786.276,582.485,224.892,408.672,115.449,1241.43,1498.117
145,2023-05-09 08:50:02.065720,801.848,572.572,219.522,381.734,118.747,1137.511,1473.86
146,2023-05-09 08:50:02.065720,749.292,597.34,225.142,408.028,113.844,1243.104,1474.009
147,2023-05-09 08:50:02.065720,777.826,566.757,213.16,416.268,108.053,1210.114,1470.328
148,2023-05-09 08:50:02.065720,819.897,562.786,209.917,417.452,110.35,1195.207,1470.928
149,2023-05-09 08:50:02.065720,765.266,599.481,209.256,410.31,116.318,1158.989,1469.872
150,2023-05-09 08:50:02.065720,748.691,587.995,226.059,390.195,111.044,1179.635,1469.25
151,2023-05-09 08:50:02.065720,785.791,577.813,208.733,402.784,115.785,1152.527,1462.522
152,2023-05-09 08:50:02.065720,782.87,590.012,222.861,384.806,110.618,1206.303,1470.411
153,2023-05-09 08:50:02.065720,810.378,565.363,208.532,410.176,114.269,1222.592,1471.358
154,2023-05-09 08:50:02.065720,819.422,594.734,221.952,406.808,118.674,1172.164,1469.581
155,2023-05-09 08:50:02.065720,782.181,580.382,225.925,390.101,118.657,1180.335,1468.928
156,2023-05-09 08:50:02.065720,763.887,565.029,214.416,396.909,108.229,1186.704,1388.356
157,2023-05-09 08:50:02.065720,819.118,576.229,226.92,380.329,117.89,1224.419,1470.237
158,2023-05-09 08:50:02.065720,815.908,585.105,215.456,406.933,111.184,1190.299,1472.214
159,2023-05-09 08:50:02.065720,783.2,597.127,211.911,409.855,108.946,1136.743,1469.819
160,2023-05-09 08:50:02.065720,751.557,588.05,207.177,383.111,116.66,1214.024,1470.345
161,2023-05-09 08:50:02.065720,754.499,578.271,218.335,392.972,114.167,1242.799,1471.813
162,2023-05-09 08:50:02.065720,814.628,559.297,210.478,391.361,115.317,1140.879,1470.119
163,2023-05-09 08:50:02.065720,767.418,544.467,212.868,386.693,112.858,1193.64,1475.664
164,2023-05-09 08:50:02.065720,815.016,581.46,219.439,396.49,117.137,1169.816,1469.772
165,2023-05-09 08:50:02.065720,805.114,550.866,226.946,414.739,114.504,1201.347,1471.213
166,2023-05-09 08:50:02.065720,780.042,546.373,224.828,406.911,118.271,1132.378,1469.898
167,2023-05-09 08:50:02.065720,822.342,586.322,207.565,412.284,110.586,1154.167,1469.931
168,2023-05-09 08:50:02.065720,748.661,546.535,219.632,387.246,115.386,1232.201,1470.432
169,2023-05-09 08:50:02.065720,763.432,546.038,215.223,411.588,112.693,1218.922,1472.803
170,2023-05-09 08:50:02.065720,798.305,577.727,222.526,402.692,115.072,1151.995,1470.156
171,2023-05-09 08:50:02.065720,796.067,572.412,215.988,392.302,117.291,1237.215,1491.17
172,2023-05-09 08:50:02.065720,763.405,544.929,224.233,401.274,112.827,1159.247,1473.878
173,2023-05-09 08:50:02.065720,822.701,544.701,215.639,412.88,118.094,1204.757,1470.485
174,2023-05-09 08:50:02.065720,817.226,552.048,207.262,402.263,115.816,1240.002,1470.307
175,2023-05-09 08:50:02.065720,809.305,569.079,224.671,381.721,117.023,1231.582,1470.236
176,2023-05-09 08:50:02.065720,775.529,552.165,211.052,379.703,110.288,1172.17,1469.643
177,2023-05-09 08:50:02.065720,800.122,547.333,219.249,400.338,118.687,1233.6,1470.278
178,2023-05-09 08:50:02.065720,766.177,568.067,209.319,380.474,109.357,1227.504,1470.237
179,2023-05-09 08:50:02.065720,798.858,567.06,216.53,416.624,110.67,1163.811,1470.094
180,2023-05-09 08:50:02.065720,751.363,564.072,217.293,417.056,117.683,1162.455,1483.829
181,2023-05-09 08:50:02.065720,818.672,561.49,226.466,412.788,112.9,1151.219,1475.436
182,2023-05-09 08:50:02.065720,812.064,556.489,207.83,383.11,112.764,1204.964,1473.612
183,2023-05-09 08:50:02.065720,751.35,555.206,217.658,394.353,114.31,1132.075,1473.879
184,2023-05-09 08:50:02.065720,770.07,593.931,217.236,398.305,111.324,1198.915,1468.541
185,2023-05-09 08:50:02.065720,748.699,593.361,207.092,397.315,110.492,1159.326,1470.073
186,2023-05-09 08:50:02.065720,813.506,587.434,215.011,417.66,112.898,1184.39,1472.765
187,2023-05-09 08:50:02.065720,803.021,594.812,224.785,386.714,114.982,1176.361,1469.725
188,2023-05-09 08:50:02.065720,823.376,568.838,214.296,387.961,109.395,1129.968,1469.972
189,2023-05-09 08:50:02.065720,769.793,596.128,223.769,384.372,117.234,1211.987,1470.34
190,2023-05-09 08:50:02.065720,819.34,565.428,210.331,395.929,110.725,1185.741,1463.681
191,2023-05-09 08:50:02.065720,752.209,585.031,219.797,406.193,112.174,1186.417,1452.418
192,2023-05-09 08:50:02.065720,804.287,593.669,227.291,390.933,118.694,1170.275,1469.626
193,2023-05-09 08:50:02.065720,823.375,555.974,224.205,396.779,115.179,1138.53,1470.243
194,2023-05-09 08:50:02.065720,809.134,573.578,224.731,387.281,116.482,1165.692,1469.836
195,2023-05-09 08:50:02.065720,798.656,576.63,224.568,396.401,109.632,1209.364,1470.43
196,2023-05-09 08:50:02.065720,811.697,595.856,210.574,402.458,112.905,1166.065,1475.444
197,2023-05-09 08:50:02.065720,803.981,581.095,222.941,384.1,110.541,1231.373,1470.29
198,2023-05-09 08:50:02.065720,814.848,577.351,223.104,389.696,117.923,1237.473,1470.193
199,2023-05-09 08:50:02.065720,806.039,580.101,215.701,382.123,113.341,1173.019,-84.498
200,2023-05-09 08:50:02.065720,752.778,577.507,207.372,400.4,109.534,1129.429,1469.999
201,2023-05-09 08:50:02.065720,795.877,589.196,227.394,407.562,115.721,1147.248,1470.002
202,2023-05-09 08:50:02.065720,774.941,600.022,217.588,382.857,113.157,1216.816,1511.671
203,2023-05-09 08:50:02.065720,749.155,569.145,216.338,400.363,115.653,1163.48,1470.115
204,2023-05-09 08:50:02.065720,809.963,575.581,227.604,394.145,115.049,1206.478,1470.711
205,2023-05-09 08:50:02.065720,748.332,544.116,222.504,408.605,110.155,1149.454,1469.928
206,2023-05-09 08:50:02.065720,770.818,592.361,221.247,397.087,117.476,1187.355,1482.187
207,2023-05-09 08:50:02.065720,788.975,555.294,213.206,394.588,117.995,1168.464,1469.576
208,2023-05-09 08:50:02.065720,816.043,589.36,209.138,411.791,111.213,1174.144,1469.694
209,2023-05-09 08:50:02.065720,758.881,577.877,219.969,416.483,115.298,1179.355,1469.38
210,2023-05-09 08:50:02.065720,816.241,599.403,210.653,408.941,113.009,1144.53,1479.996
211,2023-05-09 08:50:02.065720,785.82,589.69,214.689,392.324,111.206,1182.307,1459.64
212,2023-05-09 08:50:02.065720,793.37,568.582,222.256,384.178,108.938,1244.819,1470.166
213,2023-05-09 08:50:02.065720,786.509,549.738,221.321,384.584,117.248,1210.607,1453.243
214,2023-05-09 08:50:02.065720,782.002,559.392,208.336,400.948,111.406,1232.989,1470.401
215,2023-05-09 08:50:02.065720,792.563,582.09,225.433,414.033,115.824,1228.2,1470.311
216,2023-05-09 08:50:02.065720,747.848,571.165,214.704,417.864,113.426,1152.296,1588.423
217,2023-05-09 08:50:02.065720,791.076,596.024,219.823,390.003,111.477,1166.745,1469.956
218,2023-05-09 08:50:02.065720,760.164,563.687,216.088,393.967,118.461,1216.815,1470.385
219,2023-05-09 08:50:02.065720,815.169,566.216,223.822,394.825,116.153,1239.225,1470.279
220,2023-05-09 08:50:02.065720,764.35,556.133,211.952,391.861,113.692,1169.479,1477.452
221,2023-05-09 08:50:02.065720,753.116,551.47,213.611,387.887,116.282,1149.84,1469.948
222,2023-05-09 08:50:02.065720,805.981,578.948,222.267,386.702,108.612,1176.554,1469.389
223,2023-05-09 08:50:02.065720,753.727,581.574,207.427,390.695,109.111,1206.554,1470.407
224,2023-05-09 08:50:02.065720,791.281,554.89,217.619,388.051,108.557,1228.789,1474.235
225,2023-05-09 08:50:02.065720,804.758,568.975,225.536,388.922,111.52,1234.355,1470.465
226,2023-05-09 08:50:02.065720,817.052,553.12,211.167,409.331,108.877,1214.833,1470.3
227,2023-05-09 08:50:02.065720,763.71,580.275,224.828,387.723,113.317,1149.193,-37.399
228,2023-05-09 08:50:02.065720,802.027,581.247,226.815,400.187,116.622,1195.049,1470.972
229,2023-05-09 08:50:02.065720,769.069,553.666,225.149,397.029,113.38,1192.922,2033.725
230,2023-05-09 08:50:02.065720,822.169,568.167,227.054,410.754,112.726,1179.699,1471.885
231,2023-05-09 08:50:02.065720,824.61,554.817,220.391,395.861,108.917,1143.118,1469.949
232,2023-05-09 08:50:02.065720,751.282,574.703,223.353,381.779,112.125,1234.083,1470.873
233,2023-05-09 08:50:02.065720,809.022,579.804,215.155,400.925,108.581,1235.578,1470.25
234,2023-05-09 08:50:02.065720,784.986,548.68,213.403,409.111,109.125,1213.079,1469.668
235,2023-05-09 08:50:02.065720,747.932,585.688,225.574,410.489,117.066,1231.808,1470.229
236,2023-05-09 08:50:02.065720,781.275,567.706,224.424,410.117,116.994,1243.221,1470.166
237,2023-05-09 08:50:02.065720,786.896,569.478,207.703,395.237,114.325,1222.964,1469.117
238,2023-05-09 08:50:02.065720,796.786,554.696,221.838,387.636,114.526,1131.227,1470.598
239,2023-05-09 08:50:02.065720,769.263,577.15,220.447,405.204,116.979,1170.553,1469.682
240,2023-05-09 08:50:02.065720,761.241,579.067,211.384,380.293,116.215,1174.363,1469.581
241,2023-05-09 08:50:02.065720,757.303,587.399,218.589,381.836,109.193,1136.357,1470.06
242,2023-05-09 08:50:02.065720,760.149,581.941,221.512,389.365,112.007,1221.955,1470.796
243,2023-05-09 08:50:02.065720,817.16,548.952,223.964,394.507,113.242,1208.883,1624.342
244,2023-05-09 08:50:02.065720,764.343,577.45,227.953,379.137,110.798,1138.013,1470.024
245,2023-05-09 08:50:02.065720,816.288,570.188,214.926,392.233,109.075,1148.931,1469.925
246,2023-05-09 08:50:02.065720,825.137,551.228,220.722,411.453,118.883,1191.799,1471.41
247,2023-05-09 08:50:02.065720,747.451,547.059,223.528,410.42,112.138,1158.223,1470.494
248,2023-05-09 08:50:02.065720,803.355,572.753,222.956,383.899,118.946,1234.855,1470.885
249,2023-05-09 08:50:02.065720,795.619,544.395,223.96,381.769,111.078,1210.425,1470.486
250,2023-05-09 08:50:02.065720,758.648,594.489,215.721,384.423,117.414,1159.216,1469.882
251,2023-05-09 08:50:02.065720,750.61,597.191,215.127,398.646,111.581,1148.9,1472.287
252,2023-05-09 08:50:02.065720,776.742,572.541,220.479,404.525,110.304,1216.738,1476.816
253,2023-05-09 08:50:02.065720,799.409,574.912,207.543,415.982,112.644,1145.939,1472.04
254,2023-05-09 08:50:02.065720,803.931,563.643,207.484,386.468,110.989,1223.185,1470.376
255,2023-05-09 08:50:02.065720,776.522,592.857,211.12,414.83,117.913,1160.054,1469.79
256,2023-05-09 08:50:02.065720,752.371,545.349,220.444,397.143,117.88,1183.074,1468.374
257,2023-05-09 08:50:02.065720,820.853,559.915,221.345,388.845,113.372,1220.766,2431.753
258,2023-05-09 08:50:02.065720,749.463,568.227,207.692,385.996,114.591,1171.879,1470.195
259,2023-05-09 08:50:02.065720,811.675,556.628,208.803,409.585,118.911,1173.138,1469.537
260,2023-05-09 08:50:02.065720,771.882,586.639,224.774,390.893,115.805,1184.062,1467.672
261,2023-05-09 08:50:02.065720,808.61,568.251,209.563,379.321,118.557,1131.454,1469.92
262,2023-05-09 08:50:02.065720,765.776,571.587,222.917,379.289,113.646,1219.729,1480.592
263,2023-05-09 08:50:02.065720,774.563,549.357,217.268,401.178,112.928,1147.931,1485.907
264,2023-05-09 08:50:02.065720,803.128,556.618,217.138,415.323,108.905,1190.527,1474.5
265,2023-05-09 08:50:02.065720,754.335,588.502,223.41,405.392,114.7,1224.903,1470.734
266,2023-05-09 08:50:02.065720,756.49,552.383,215.166,379.324,118.218,1245.503,1470.196
267,2023-05-09 08:50:02.065720,750.481,573.511,214.256,406.511,117.544,1161.379,1469.87
268,2023-05-09 08:50:02.065720,766.157,577.233,221.058,400.057,113.172,1156.816,1513.252
269,2023-05-09 08:50:02.065720,787.007,544.855,218.997,411.251,114.994,1217.559,1469.114
270,2023-05-09 08:50:02.065720,750.753,590.111,212.515,383.63,108.885,1161.421,1469.792
271,2023-05-09 08:50:02.065720,791.141,567.618,211.156,394.858,115.201,1187.559,1479.1
272,2023-05-09 08:50:02.065720,760.12,576.419,213.342,404.919,111.458,1184.73,1467.003
273,2023-05-09 08:50:02.065720,765.319,562.687,209.262,382.178,117.103,1142.276,1469.921
274,2023-05-09 08:50:02.065720,748.506,576.093,212.714,415.047,110.556,1230.615,1470.303
275,2023-05-09 08:50:02.065720,769.386,592.774,208.897,400.669,114.976,1196.539,1471.11
276,2023-05-09 08:50:02.065720,784.811,593.665,209.934,415.234,117.799,1162.389,1469.274
277,2023-05-09 08:50:02.065720,816.748,574.581,218.984,392.858,110.146,1211.573,1470.472
278,2023-05-09 08:50:02.065720,812.051,562.353,211.073,415.488,118.245,1190.384,1471.94
279,2023-05-09 08:50:02.065720,805.482,589.441,227.703,384.445,111.264,1186.743,1316.322
280,2023-05-09 08:50:02.065720,807.489,562.81,223.57,407.286,116.622,1183.246,1468.178
281,2023-05-09 08:50:02.065720,762.671,560.356,223.481,382.008,114.806,1150.497,1470.288
282,2023-05-09 08:50:02.065720,762.358,584.976,225.97,414.943,112.95,1192.437,1478.425
283,2023-05-09 08:50:02.065720,787.026,552.111,213.843,390.987,108.153,1192.615,1469.746
284,2023-05-09 08:50:02.065720,774.169,583.636,223.851,392.884,112.004,1128.701,1470.474
285,2023-05-09 08:50:02.065720,795.787,577.425,227.478,412.937,118.881,1207.374,1470.359
286,2023-05-09 08:50:02.065720,821.127,545.603,210.413,392.394,110.892,1234.532,1470.324
287,2023-05-09 08:50:02.065720,755.573,556.338,207.282,416.911,115.618,1186.635,1425.474
288,2023-05-09 08:50:02.065720,754.009,546.741,222.322,384.699,112.25,1223.814,1471.077
289,2023-05-09 08:50:02.065720,778.172,556.163,222.299,407.974,112.767,1195.792,1474.022
290,2023-05-09 08:50:02.065720,788.522,545.649,224.27,388.329,110.747,1163.035,1469.696
291,2023-05-09 08:50:02.065720,763.538,545.88,207.883,411.342,114.808,1160.328,1470.214
292,2023-05-09 08:50:02.065720,821.513,598.39,214.605,383.11,114.759,1167.664,1470.171
293,2023-05-09 08:50:02.065720,783.485,570.185,209.356,389.646,109.419,1224.043,1470.139
294,2023-05-09 08:50:02.065720,798.379,563.659,223.576,385.108,113.54,1192.142,1494.71
295,2023-05-09 08:50:02.065720,816.471,593.407,209.764,407.159,110.597,1146.685,1469.973
296,2023-05-09 08:50:02.065720,786.255,594.894,223.072,399.657,109.829,1147.538,1495.714
297,2023-05-09 08:50:02.065720,791.037,582.676,220.417,403.464,108.447,1187.095,1492.153
298,2023-05-09 08:50:02.065720,769.154,597.281,225.48,380.931,110.136,1192.737,1471.246
299,2023-05-09 08:50:02.065720,751.796,560.134,222.943,381.179,118.734,1217.418,1470.264
300,2023-05-09 08:50:02.065720,789.328,598.802,221.867,394.807,118.902,1163.109,1469.673
301,2023-05-09 08:50:02.065720,802.894,556.475,220.946,409.39,109.505,1142.099,1469.932
302,2023-05-09 08:50:02.065720,819.728,560.918,217.844,387.453,112.591,1235.932,1473.014
303,2023-05-09 08:50:02.065720,788.149,559.685,209.931,396.532,111.68,1235.697,1470.328
304,2023-05-09 08:50:02.065720,755.439,585.531,209.946,412.247,112.653,1156.463,1472.037
305,2023-05-09 08:50:02.065720,787.055,581.368,207.442,410.514,114.93,1241.106,1469.156
306,2023-05-09 08:50:02.065720,770.031,549.122,217.985,400.533,116.245,1160.43,1470.46
307,2023-05-09 08:50:02.065720,785.485,585.778,225.956,392.35,115.783,1186.159,1457.325
308,2023-05-09 08:50:02.065720,760.301,563.077,210.572,387.211,114.852,1203.747,1470.85
309,2023-05-09 08:50:02.065720,788.861,581.093,225.066,380.769,108.828,1154.766,1469.708
310,2023-05-09 08:50:02.065720,750.596,567.784,215.018,384.26,118.058,1207.994,1470.404
311,2023-05-09 08:50:02.065720,785.921,554.878,226.207,382.418,108.43,1219.186,1445.151
312,2023-05-09 08:50:02.065720,793.533,550.717,211.674,405.514,110.399,1240.56,1470.238
313,2023-05-09 08:50:02.065720,808.94,545.6,217.152,395.271,110.615,1216.578,1473.311
314,2023-05-09 08:50:02.065720,749.118,596.394,227.598,382.529,108.586,1141.607,1469.897
315,2023-05-09 08:50:02.065720,788.605,565.27,222.517,416.349,111.72,1196.856,1470.918
316,2023-05-09 08:50:02.065720,748.807,560.784,209.407,396.944,108.987,1152.282,1469.961
317,2023-05-09 08:50:02.065720,778.269,564.287,215.491,400.53,108.298,1180.545,1469.026
318,2023-05-09 08:50:02.065720,791.365,545.966,219.592,414.732,109.926,1155.253,1469.878
319,2023-05-09 08:50:02.065720,794.152,550.692,217.226,417.778,118.805,1195.068,1476.597
320,2023-05-09 08:50:02.065720,774.908,595.538,220.266,391.388,109.71,1220.857,1470.298
321,2023-05-09 08:50:02.065720,804.842,598.754,208.548,385.344,115.874,1244.006,1470.279
322,2023-05-09 08:50:02.065720,757.673,552.423,220.844,416.267,111.493,1128.45,1470.204
323,2023-05-09 08:50:02.065720,808.434,593.865,221.249,386.852,111.123,1208.108,1470.543
324,2023-05-09 08:50:02.065720,780.219,586.012,213.291,394.031,115.372,1153.218,1470.039
325,2023-05-09 08:50:02.065720,797.4,579.339,224.786,382.351,109.256,1179.626,1469.109
326,2023-05-09 08:50:02.065720,815.871,577.111,223.251,387.198,115.042,1242.555,1470.482
327,2023-05-09 08:50:02.065720,747.796,570.79,227.14,412.929,111.257,1210.379,1470.555
328,2023-05-09 08:50:02.065720,747.665,587.635,207.733,408.935,118.318,1193.515,1471.057
329,2023-05-09 08:50:02.065720,815.091,574.285,227.345,402.242,115.811,1148.194,1470.023
330,2023-05-09 08:50:02.065720,786.452,590.122,220.56,403.805,116.517,1241.328,1429.833
331,2023-05-09 08:50:02.065720,815.98,578.246,223.194,401.563,110.537,1224.947,1470.335
332,2023-05-09 08:50:02.065720,761.143,569.954,219.507,386.297,108.039,1175.19,1469.503
333,2023-05-09 08:50:02.065720,810.016,576.889,214.072,392.765,115.617,1187.242,1485.193
334,2023-05-09 08:50:02.065720,750.528,572.375,226.959,393.212,111.377,1233.172,1479.568
335,2023-05-09 08:50:02.065720,805.568,575.215,215.4,394.326,114.088,1129.49,1471.732
336,2023-05-09 08:50:02.065720,788.404,547.7,211.396,410.711,111.186,1180.096,1469.016
337,2023-05-09 08:50:02.065720,778.771,579.959,210.589,404.609,109.798,1183.207,1468.174
338,2023-05-09 08:50:02.065720,764.68,573.137,208.894,403.935,118.598,1190.58,1471.979
339,2023-05-09 08:50:02.065720,818.714,573.828,217.446,404.332,118.134,1166.257,1541.288
340,2023-05-09 08:50:02.065720,762.955,590.289,217.942,399.698,114.127,1133.248,1472.242
341,2023-05-09 08:50:02.065720,795.714,554.059,222.002,380.631,110.146,1210.623,1470.386
342,2023-05-09 08:50:02.065720,755.605,561.742,209.903,387.377,111.517,1190.28,1472.267
343,2023-05-09 08:50:02.065720,765.869,547.901,208.987,389.485,116.893,1215.277,1470.323
344,2023-05-09 08:50:02.065720,752.59,599.746,218.676,412.602,116.832,1138.709,1470.06
345,2023-05-09 08:50:02.065720,797.009,568.787,216.504,384.348,118.053,1236.63,1470.414
346,2023-05-09 08:50:02.065720,795.768,585.087,218.874,405.633,118.909,1227.397,1470.282
347,2023-05-09 08:50:02.065720,782.825,565.141,208.484,387.521,115.259,1236.99,1470.333
348,2023-05-09 08:50:02.065720,773.251,556.136,208.531,408.608,115.188,1215.251,1470.536
349,2023-05-09 08:50:02.065720,793.192,570.09,208.777,415.155,108.113,1180.296,1468.985
350,2023-05-09 08:50:02.065720,751.456,579.589,208.561,400.16,114.203,1158.462,1471.164
351,2023-05-09 08:50:02.065720,775.609,576.525,221.6,399.315,108.822,1225.717,1470.422
352,2023-05-09 08:50:02.065720,773.69,591.755,226.925,398.689,110.356,1213.386,1471.929
353,2023-05-09 08:50:02.065720,757.83,600.102,212.195,417.447,116.749,1194.586,1470.967
354,2023-05-09 08:50:02.065720,747.012,593.57,209.733,398.271,117.409,1170.059,1460.191
355,2023-05-09 08:50:02.065720,758.816,559.275,226.126,414.322,112.955,1209.959,1477.71
356,2023-05-09 08:50:02.065720,815.42,566.797,217.03,414.604,113.014,1154.904,1481.611
357,2023-05-09 08:50:02.065720,800.024,597.87,212.753,381.45,111.835,1168.456,1470.094
358,2023-05-09 08:50:02.065720,770.043,567.964,217.052,387.789,112.11,1174.727,1471.643
359,2023-05-09 08:50:02.065720,815.034,558.786,212.75,413.064,111.495,1141.341,1470.165
360,2023-05-09 08:50:02.065720,813.056,577.329,213.044,391.518,112.085,1132.996,1470.554
361,2023-05-09 08:50:02.065720,753.952,557.239,214.81,417.977,118.133,1169.239,1469.685
362,2023-05-09 08:50:02.065720,812.304,598.086,227.025,399.148,108.08,1145.695,1470.149
363,2023-05-09 08:50:02.065720,787.843,556.829,222.533,380.74,114.186,1223.266,1471.238
364,2023-05-09 08:50:02.065720,762.938,587.221,211.219,415.302,115.771,1149.121,1469.996
365,2023-05-09 08:50:02.065720,748.327,546.415,216.862,416.019,117.594,1226.369,1470.871
366,2023-05-09 08:50:02.065720,820.425,586.189,213.857,416.499,110.871,1230.07,1470.343
367,2023-05-09 08:50:02.065720,818.15,551.406,209.255,383.585,109.256,1168.643,1469.69
368,2023-05-09 08:50:02.065720,811.15,573.265,219.311,389.122,108.542,1184.748,1466.859
369,2023-05-09 08:50:02.065720,756.82,565.676,214.991,393.732,110.641,1236.975,1470.32
370,2023-05-09 08:50:02.065720,817.04,580.432,223.821,412.411,116.781,1137.288,1469.954
371,2023-05-09 08:50:02.065720,777.852,572.189,210.71,389.484,112.219,1226.151,1471.963
372,2023-05-09 08:50:02.065720,812.021,546.663,217.238,387.571,116.554,1177.29,1475.965
373,2023-05-09 08:50:02.065720,766.524,587.175,212.423,399.321,117.53,1143.327,1470.095
374,2023-05-09 08:50:02.065720,811.745,577.743,227.184,402.47,108.307,1224.548,1470.235
375,2023-05-09 08:50:02.065720,760.942,574.396,224.072,409.331,116.898,1193.747,1471.081
376,2023-05-09 08:50:02.065720,818.102,582.195,223.059,401.727,118.456,1193.643,1471.054
377,2023-05-09 08:50:02.065720,770.28,551.718,224.238,396.952,109.651,1231.879,1470.329
378,2023-05-09 08:50:02.065720,824.299,582.293,221.161,393.822,118.374,1175.419,1469.464
379,2023-05-09 08:50:02.065720,818.573,554.424,222.272,412.281,111.293,1183.062,1468.429
380,2023-05-09 08:50:02.065720,766.118,548.367,212.043,412.593,118.322,1146.471,1469.878
381,2023-05-09 08:50:02.065720,785.812,576.766,207.887,398.501,111.129,1196.897,1475.916
382,2023-05-09 08:50:02.065720,760.241,600.963,213.94,380.208,115.361,1154.92,1470.05
383,2023-05-09 08:50:02.065720,785.645,545.923,214.74,401.032,117.478,1150.359,1466.381
384,2023-05-09 08:50:02.065720,798.307,546.931,224.547,384.903,118.838,1206.122,1470.384
385,2023-05-09 08:50:02.065720,752.219,552.58,208.046,417.429,118.421,1135.001,1469.91
386,2023-05-09 08:50:02.065720,797.665,586.239,218.914,395.693,118.386,1203.197,1470.559
387,2023-05-09 08:50:02.065720,812.085,556.214,207.743,395.797,118.325,1215.26,1470.311
388,2023-05-09 08:50:02.065720,784.368,580.929,207.287,414.291,111.477,1152.606,1469.818
389,2023-05-09 08:50:02.065720,780.728,549.401,223.974,380.083,115.155,1235.538,1470.421
390,2023-05-09 08:50:02.065720,791.371,599.359,217.455,387.887,114.694,1236.012,1525.333
391,2023-05-09 08:50:02.065720,767.158,592.67,225.034,384.296,115.455,1181.176,1469.016
392,2023-05-09 08:50:02.065720,801.191,580.712,210.225,389.716,109.968,1137.762,1469.955
393,2023-05-09 08:50:02.065720,806.263,590.337,224.518,395.149,114.147,1181.964,1470.146
394,2023-05-09 08:50:02.065720,792.563,588.606,217.166,380.017,112.303,1208.267,1474.543
395,2023-05-09 08:50:02.065720,784.586,559.458,222.11,401.413,115.393,1191.313,1471.404
396,2023-05-09 08:50:02.065720,816.964,547.287,210.348,410.787,117.73,1235.293,1470.198
397,2023-05-09 08:50:02.065720,824.682,557.202,216.877,411.042,108.507,1189.047,1473.737
398,2023-05-09 08:50:02.065720,780.48,558.539,227.499,396.518,114.058,1148.249,1471.791
399,2023-05-09 08:50:02.065720,810.654,566.414,223.211,411.622,118.341,1143.753,1469.89
400,2023-05-09 08:50:02.065720,817.395,544.301,210.826,400.357,117.802,1162.599,1469.818
401,2023-05-09 08:50:02.065720,811.558,560.175,214.806,403.441,112.943,1188.657,1480.632
402,2023-05-09 08:50:02.065720,791.783,573.396,223.161,404.358,116.358,1180.9,1469.01
403,2023-05-09 08:50:02.065720,792.517,554.986,207.922,400.105,115.899,1162.608,1469.911
404,2023-05-09 08:50:02.065720,807.399,582.448,208.644,383.745,110.919,1180.506,1469.095
405,2023-05-09 08:50:02.065720,748.133,544.598,216.861,393.084,113.659,1231.366,1480.29
406,2023-05-09 08:50:02.065720,786.122,600.644,223.048,398.624,118.473,1180.48,1499.465
407,2023-05-09 08:50:02.065720,786.554,577.602,209.651,386.34,115.493,1138.76,1458.95
408,2023-05-09 08:50:02.065720,802.33,571.934,209.065,384.233,115.438,1232.521,1470.63
409,2023-05-09 08:50:02.065720,754.939,582.493,216.591,393.956,108.233,1148.078,1470.16
410,2023-05-09 08:50:02.065720,791.006,547.93,207.387,393.391,111.542,1185.122,1466.202
411,2023-05-09 08:50:02.065720,808.81,595.206,219.906,391.714,115.592,1159.435,1469.985
412,2023-05-09 08:50:02.065720,807.456,555.039,220.83,413.922,110.179,1143.991,1469.96
413,2023-05-09 08:50:02.065720,756.89,579.266,220.418,387.379,118.953,1218.55,1470.27
414,2023-05-09 08:50:02.065720,815.644,600.369,209.136,413.768,116.247,1193.664,1471.113
415,2023-05-09 08:50:02.065720,753.586,561.715,207.008,401.708,110.054,1245.502,1470.23
416,2023-05-09 08:50:02.065720,805.045,581.898,211.749,404.008,109.327,1237.319,1470.209
417,2023-05-09 08:50:02.065720,774.702,550.62,217.136,410.208,115.281,1175.296,1472.262
418,2023-05-09 08:50:02.065720,816.598,569.701,225.113,406.769,113.182,1196.436,1520.488
419,2023-05-09 08:50:02.065720,817.612,554.504,220.986,379.478,117.006,1160.101,1469.836
420,2023-05-09 08:50:02.065720,795.796,558.439,227.779,387.113,117.999,1152.86,1469.84
421,2023-05-09 08:50:02.065720,792.23,597.257,209.472,400.526,109.533,1189.359,1472.734
422,2023-05-09 08:50:02.065720,766.512,596.97,225.61,398.403,109.883,1204.028,1456.625
423,2023-05-09 08:50:02.065720,779.88,544.584,221.075,398.87,111.288,1137.091,1470.748
424,2023-05-09 08:50:02.065720,783.578,546.894,222.894,388.066,115.502,1164.786,1469.778
425,2023-05-09 08:50:02.065720,820.341,581.479,208.988,408.135,111.732,1223.869,1470.592
426,2023-05-09 08:50:02.065720,751.855,576.166,210.231,400.886,112.818,1141.624,1473.843
427,2023-05-09 08:50:02.065720,799.552,600.891,207.417,394.494,115.817,1208.043,1470.496
428,2023-05-09 08:50:02.065720,789.311,580.662,209.318,396.186,109.222,1139.6,1469.863
429,2023-05-09 08:50:02.065720,753.524,591.463,210.568,398.191,115.844,1239.497,1441.778
430,2023-05-09 08:50:02.065720,797.72,590.608,209.146,412.4,116.718,1132.07,1469.962
431,2023-05-09 08:50:02.065720,800.286,579.735,221.008,401.37,114.628,1182.787,1468.939
432,2023-05-09 08:50:02.065720,750.464,560.001,213.963,417.593,114.015,1228.08,1472.368
433,2023-05-09 08:50:02.065720,823.629,574.696,212.03,398.016,114.939,1228.18,1473.371
434,2023-05-09 08:50:02.065720,752.206,567.839,212.389,415.381,115.853,1178.751,1469.325
435,2023-05-09 08:50:02.065720,820.964,582.323,224.486,409.773,114.543,1182.804,1468.994
436,2023-05-09 08:50:02.065720,820.787,581.656,210.322,383.582,113.018,1216.141,1480.991
437,2023-05-09 08:50:02.065720,754.693,565.517,223.996,410.528,110.953,1149.11,1470.008
438,2023-05-09 08:50:02.065720,821.516,580.584,222.224,415.236,113.75,1239.052,1475.958
439,2023-05-09 08:50:02.065720,822.961,571.643,211.693,389.708,111.928,1179.721,1469.671
440,2023-05-09 08:50:02.065720,780.676,599.756,214.978,383.881,117.428,1153.029,1469.862
441,2023-05-09 08:50:02.065720,794.204,588.134,218.337,385.717,111.316,1142.387,1470.306
442,2023-05-09 08:50:02.065720,754.816,558.759,217.522,410.097,115.035,1131.261,1483.188
443,2023-05-09 08:50:02.065720,778.058,553.666,221.242,382.228,108.499,1142.554,1469.89
444,2023-05-09 08:50:02.065720,782.486,582.416,218.176,414.75,111.02,1147.437,1470.271
445,2023-05-09 08:50:02.065720,778.886,593.009,217.453,396.98,114.184,1137.589,1529.302
446,2023-05-09 08:50:02.065720,751.136,556.95,211.71,392.677,116.183,1148.846,1469.958
447,2023-05-09 08:50:02.065720,765.963,593.533,214.504,416.45,116.082,1225.195,1470.334
448,2023-05-09 08:50:02.065720,816.517,546.051,224.664,415.59,114.072,1211.816,1472.139
449,2023-05-09 08:50:02.065720,763.545,588.367,219.669,413.596,110.216,1232.456,1470.292
450,2023-05-09 08:50:02.065720,803.475,592.493,221.065,386.759,109.541,1142.809,1469.929
451,2023-05-09 08:50:02.065720,783.069,565.623,217.75,416.758,109.831,1148.709,1471.393
452,2023-05-09 08:50:02.065720,821.981,559.069,225.182,388.031,111.972,1231.795,1470.715
453,2023-05-09 08:50:02.065720,816.764,555.995,210.839,399.97,118.324,1203.473,1470.521
454,2023-05-09 08:50:02.065720,753.608,575.049,221.624,389.791,108.706,1154.825,1469.857
455,2023-05-09 08:50:02.065720,793.386,600.787,220.876,413.48,110.02,1144.137,1469.933
456,2023-05-09 08:50:02.065720,758.388,549.188,225.536,415.821,109.087,1177.011,1469.363
457,2023-05-09 08:50:02.065720,778.993,574.69,214.104,397.496,118.564,1238.371,1470.471
458,2023-05-09 08:50:02.065720,783.33,564.534,207.788,413.046,118.897,1231.677,1470.073
459,2023-05-09 08:50:02.065720,766.407,564.413,219.538,395.158,108.449,1201.203,1470.575
460,2023-05-09 08:50:02.065720,804.223,557.534,222.526,411.58,115.337,1145.581,1470.095
461,2023-05-09 08:50:02.065720,813.197,548.325,209.114,392.957,117.134,1147.358,1469.906
462,2023-05-09 08:50:02.065720,748.966,554.161,217.044,385.829,110.115,1130.665,1471.426
463,2023-05-09 08:50:02.065720,790.954,552.353,222.54,410.291,117.418,1243.883,1470.147
464,2023-05-09 08:50:02.065720,763.44,550.368,227.644,411.218,112.247,1231.395,1471.034
465,2023-05-09 08:50:02.065720,752.181,570.064,208.441,381.601,108.171,1182.704,1468.385
466,2023-05-09 08:50:02.065720,749.247,590.446,226.788,379.568,111.682,1206.687,1470.724
467,2023-05-09 08:50:02.065720,789.569,549.663,225.717,394.497,111.859,1154.576,1470.197
468,2023-05-09 08:50:02.065720,807.148,563.447,217.684,405.093,110.482,1166.551,1472.204
469,2023-05-09 08:50:02.065720,772.417,568.41,224.993,412.875,111.84,1183.348,1468.488
470,2023-05-09 08:50:02.065720,812.766,570.998,207.384,387.912,110.27,1163.757,1469.848
471,2023-05-09 08:50:02.065720,775.68,566.033,214.997,379.962,110.062,1138.48,1469.982
472,2023-05-09 08:50:02.065720,815.685,567.023,217.802,401.937,113.893,1191.648,1475.851
473,2023-05-09 08:50:02.065720,755.897,563.793,225.872,396.072,118.773,1160.994,1469.811
474,2023-05-09 08:50:02.065720,751.843,593.566,207.245,387.697,110.626,1195.932,1470.888
475,2023-05-09 08:50:02.065720,762.831,590.478,225.466,387.66,108.906,1196.289,1470.772
476,2023-05-09 08:50:02.065720,800.227,588.656,214.287,417.989,112.523,1151.375,1471.41
477,2023-05-09 08:50:02.065720,758.272,595.553,210.363,379.383,111.949,1139.261,1470.401
478,2023-05-09 08:50:02.065720,798.879,588.314,212.084,394.897,111.56,1136.135,1470.212
479,2023-05-09 08:50:02.065720,771.574,562.477,225.31,409.654,111.706,1159.114,1470.145
480,2023-05-09 08:50:02.065720,801.776,588.775,209.674,391.487,115.456,1222.455,1470.422
481,2023-05-09 08:50:02.065720,809.796,552.109,227.389,406.274,118.029,1203.127,1470.467
482,2023-05-09 08:50:02.065720,812.516,562.859,217.594,391.555,117.047,1174.379,1474.707
483,2023-05-09 08:50:02.065720,803.34,549.443,209.769,404.058,111.777,1211.194,1470.712
484,2023-05-09 08:50:02.065720,750.33,552.134,208.906,395.034,113.978,1237.555,1472.597
485,2023-05-09 08:50:02.065720,771.284,548.08,223.747,401.075,117.455,1203.248,1470.499
486,2023-05-09 08:50:02.065720,811.075,564.945,209.11,401.191,110.26,1213.284,1470.391
487,2023-05-09 08:50:02.065720,809.103,550.84,208.693,379.423,118.33,1136.682,1469.907
488,2023-05-09 08:50:02.065720,799.83,560.006,208.701,384.245,118.572,1173.14,1469.537
489,2023-05-09 08:50:02.065720,795.746,597.058,217.832,405.38,117.924,1158.082,1470.841
490,2023-05-09 08:50:02.065720,747.537,588.949,212.653,399.068,110.586,1154.816,1470.272
491,2023-05-09 08:50:02.065720,764.964,597.398,227.026,390.116,116.332,1163.237,1469.828
492,2023-05-09 08:50:02.065720,812.414,570.707,216.868,383.336,113.13,1159.487,1497.066
493,2023-05-09 08:50:02.065720,773.208,591.99,225.986,385.376,110.216,1186.549,1441.525
494,2023-05-09 08:50:02.065720,798.091,589.82,219.142,413.741,109.606,1226.818,1470.302
495,2023-05-09 08:50:02.065720,794.97,592.954,210.448,417.251,109.722,1165.861,1469.746
496,2023-05-09 08:50:02.065720,811.731,552.911,217.663,411.699,118.384,1187.322,1485.585
497,2023-05-09 08:50:02.065720,798.017,592.218,211.244,382.28,114.756,1203.919,1470.902
498,2023-05-09 08:50:02.065720,758.125,551.86,208.77,410.291,114.034,1237.751,1472.207
499,2023-05-09 08:50:02.065720,818.586,575.536,218.607,414.025,111.539,1141.812,1470.308
